{"cameraMode":{"drawMode":0,"name":"Shaded","section":"Shading Mode"},"sceneLighting":true,"audioPlay":false,"sceneViewState":{"m_AlwaysRefresh":false,"showFog":true,"showSkybox":true,"showFlares":true,"showImageEffects":true,"showParticleSystems":true,"showVisualEffectGraphs":true,"m_FxEnabled":true},"in2DMode":false,"pivot":{"x":-0.16152334213256837,"y":-0.14945173263549806,"z":0.2677193880081177},"rotation":{"x":0.09253055602312088,"y":0.8948594927787781,"z":-0.37761273980140688,"w":0.21927200257778169},"size":1.1660254001617432,"orthographic":false}